Category;Indicator;Unit;Bad;Threshold;Reference;Status
Fish;Gadus morhua SSB (COD in Subareas I and II);t;0;460000;3230000;660000
Fish;Hippoglosoides platessoides 0-group abundance (Long rough dab - 0-group - Abundance indices);index value;0;54;1315;328
Fish;Melanogrammus aeglefinus SSB (HADDOCK in Subareas I and II);t;0;80000;607000;195000
Fish;coastal Gadus morhua SSB (NORWEGAIN COASTAL WATER COD in Subareas I and II);;0;60000;90000;19000
Fish;Mallottus villosus SSB (CAPELIN in Subareas I and II, excluding Division IIa west of 5°W);t;0;200000;5805000;1297000
Fish;Clupea harengus SSB (HERRING in Subareas I, II, and V, and in Divisions IVa and XIVa);t;0;5000000;11826000;5709000
Fish;Micromesistius poutassou SSB (BLUE WHITING in Subareas I–IX, XII, and XIV);t;0;2250000;10783500;5070000
Fish;Boreogadus saida total stock Biomass (ARCTIC COD after data in Hop & Gjaeseter, 2013);t;0;250000;3000000;1500000
Fish;Balaenoptera acutorostrata Abundance level in the Barents Sea compared to 1989-1995 period ;indiv.;0;71000;168000;80000
Fish;"Pagophilus groenlandicus stock size (HARP SEAL from Greenland area + White Sea/Barents Sea area; ICES data)";indiv.;0;690000;3900000;1916000
Mammals;Proportion of non-threatened Cetacean species (from Norwegian Red list);%;0;75;100;75
Mammals;Proportion of non-threatened pagophiletic Mammals;%;0;75;100;45
Mammals;Proportion of non-threatened coastal mammal species (3 species);%;0;99;100;66
Mammals;Proportion of non-threatened coastal mammal species (3 species);%;0;99;100;66
Fish;Proportion of non-threatened Fish species (according to Norwegian red list);%;0;99;100;92.3
Birds;Uria lomvia Population trend over last 5 yr;%;-100;-20;100;-28
Birds;Uria lomvia Breeding success over last 3 yr;;0;0.6;1;0.6
Birds;Uria aalge Population trend over last 5 yr;%;-100;-20;100;-15
Birds;Rissa tridactyla Population trend over last 5 yr;%;-100;-20;100;-23
Birds;Rissa tridactyla Breeding success over last 5 yr;[nest-leaving chicks/pair]-ratio;0;0.5;1;0.42
Birds;Fratercula arctica Population trend over last 5 yr;%;-100;-20;100;-15
Birds;Abundance of Alle alle at sea (Little auk, sighting data);% of BASELINE;0;80;130;134
Birds;Abundance of Fulmarus glacialis at sea (Northern fulmar, sighting data);% of BASELINE;0;80;130;74
Birds;Abundance of Rissa tridactyla at sea (black-legged kittiwake, sighting data);% of BASELINE;0;70;130;111
Birds;Abundance of Uria lomvia at sea (polar guillemot, sighting data);% of BASELINE;0;80;130;105
Birds;Abundance of Uria aalge at sea (common guillemot, sighting data);% of BASELINE;0;80;130;107
Birds;Abundance of Fratercula arctica at sea (atlantic puffin, sighting data);% of BASELINE;0;80;130;110
Birds;Proportion of non-threatened Pelagos-feeding seabird species;%;0;75;100;55
Birds;Proportion of non-threatened Benthos-feeding seabird species;%;0;75;100;65
Pelagic habitats;Biomass of zooplankton [>2 mm];% deviation from BASELINE;100;25;0;27
Pelagic habitats;Biomass of zooplankton [1 mm-2 mm];% deviation from BASELINE;100;25;0;17
Pelagic habitats;Biomass of zooplankton [0.18 mm-1 mm];% deviation from BASELINE;100;25;0;14
Pelagic habitats;Abundance level of Calanus finmarchicus;z score;5;2;0;0.2
Plants;Kelp forest extent;% regrowth;0;75;100;44
Plants;Kelp forest extent;% regrowth;0;75;100;45
Plants;Kelp forest extent;% regrowth;0;75;100;46
Benthic habitats;Stock of Pandalus borealis (NORTHERN SHRIMP IN THE BARENTS SEA (ICES SUB-AREAS I AND II));proportion of BMSY;0;1;2;1.8
Benthic habitats;AMBI;biotic inde;6;2.8;1;2.1
Benthic habitats;AMBI;biotic inde;6;2.8;1;3.1
Benthic habitats;AMBI;biotic inde;6;2.8;1;2.7
Benthic habitats;AMBI;biotic inde;6;2.7;1;2.1
Benthic habitats;AMBI;biotic inde;6;2.7;1;1.6
Benthic habitats;AMBI;biotic inde;6;2.7;1;2
Benthic habitats;AMBI;biotic inde;6;3.9;1;2.8
Benthic habitats;AMBI;biotic inde;6;2;1;1.5
Benthic habitats;AMBI;biotic inde;6;2.8;1;1.9
Benthic habitats;ES100;ES(100);0;17;60;30
Benthic habitats;ES100;ES(100);0;17;60;24
Benthic habitats;ES100;ES(100);0;17;60;27
Benthic habitats;ES100;ES(100);0;19;45;24
Benthic habitats;ES100;ES(100);0;19;45;33
Benthic habitats;ES100;ES(100);0;19;45;25
Benthic habitats;ES100;ES(100);0;13;35;19
Benthic habitats;ES100;ES(100);0;34;60;42
Benthic habitats;ES100;ES(100);0;17;60;45
Benthic habitats;evenness [macrofauna];1-lambaprime;0;0.72;1;0.83
Benthic habitats;evenness [macrofauna];1-lambaprime;0;0.72;1;0.76
Benthic habitats;evenness [macrofauna];1-lambaprime;0;0.72;1;0.82
Benthic habitats;evenness [macrofauna];1-lambaprime;0;0.71;1;0.83
Benthic habitats;evenness [macrofauna];1-lambaprime;0;0.71;1;0.93
Benthic habitats;evenness [macrofauna];1-lambaprime;0;0.71;1;0.81
Benthic habitats;evenness [macrofauna];1-lambaprime;0;0.67;1;0.82
Benthic habitats;evenness [macrofauna];1-lambaprime;0;0.92;1;0.94
Benthic habitats;evenness [macrofauna];1-lambaprime;0;0.72;1;0.92
Benthic habitats;M-AMBI;;0;0.53;1.1;0.906053571
Benthic habitats;M-AMBI;;0;0.53;1.2;0.94
Benthic habitats;M-AMBI;;0;0.53;1.15;0.832303134
Benthic habitats;M-AMBI;;0;0.53;1;0.8154625
Benthic habitats;M-AMBI;;0;0.53;1;0.672624
Benthic habitats;M-AMBI;;0;0.53;1;0.712135
Benthic habitats;AMBI;;7;3.3;0;1.361857143
Benthic habitats;AMBI;;7;3.3;0;1.2023
Benthic habitats;AMBI;;7;3.3;0;1.77
Benthic habitats;AMBI;;7;3.3;0;1.798931818
Benthic habitats;AMBI;;7;3.3;0;1.696666667
Benthic habitats;AMBI;;7;3.3;0;2.13
Pelagic habitats;Blooms of any phytoplankton taxa;%;100;39;0;18.23
Pelagic habitats;Blooms of any phytoplankton taxa;%;100;39;0;11.11
Pelagic habitats;Biological value Zooplankton;;1;2.5;5;4.5
Pelagic habitats;Biological value Zooplankton;;1;2.5;5;4.5
Pelagic habitats;Biological value Zooplankton;;1;2.5;5;4.4
Pelagic habitats;Biological value Zooplankton;;1;2.5;5;4.33
Pelagic habitats;Biological value Zooplankton;;1;2.5;5;4.5
Plants;Biological value Macroalgae;;1;2.5;5;3.37
Plants;Biological value Macroalgae;;1;2.5;5;3.36
Benthic habitats;Biological value Macroinvertebrates;;1;2.5;5;3.73
Benthic habitats;Biological value Macroinvertebrates;;1;2.5;5;3.46
Benthic habitats;Biological value Macroinvertebrates;;1;2.5;5;3.42
Benthic habitats;Biological value Macroinvertebrates;;1;2.5;5;3.47
Benthic habitats;Biological value Macroinvertebrates;;1;2.5;5;3.21
Fish;Biological value Demersal Fish;;1;2.5;5;2.79
Fish;Biological value Demersal Fish;;1;2.5;5;3.8
Fish;Biological value Demersal Fish;;1;2.5;5;3.71
Fish;Biological value Demersal Fish;;1;2.5;5;3.88
Fish;Biological value Demersal Fish;;1;2.5;5;4.29
Fish;Biological value Demersal Fish;;1;2.5;5;3.5
Birds;Biological value Seabirds;;1;2.5;5;3.83
Birds;Biological value Seabirds;;1;2.5;5;3.71
Birds;Biological value Seabirds;;1;2.5;5;2.62
Birds;Biological value Seabirds;;1;2.5;5;1.25
Birds;Biological value Seabirds;;1;2.5;5;1
Birds;Biological value Seabirds;;1;2.5;5;4.22
Mammals;Biological value Mammals;;1;2.5;5;1.48
Mammals;Biological value Mammals;;1;2.5;5;2.52
Mammals;Biological value Mammals;;1;2.5;5;2.14
Mammals;Biological value Mammals;;1;2.5;5;2.38
Mammals;Biological value Mammals;;1;2.5;5;2.25
Mammals;Biological value Mammals;;1;2.5;5;1.63
Fish;Catch-biomass ratio Engraulis;;1;0.3;0;0.120324902
Fish;Fishing mortality L. budegassa (VIIIC & Ixa);;3;1;0;0.6225
Fish;Fishing mortality L. piscatorius;;1;0.19;0;0.1875
Fish;Fishing mortality L. boscii (8c9a);;1;0.17;0;0.26725
Fish;Fishing mortality L. whiffiagonis (8c9a);;1;0.17;0;0.15
Fish;Fishing mortality Merluccius BoB+North;;1;0.27;0;0.375
Fish;Fishing Mortality Merluccius  Iberian Waters;;1;0.24;0;0.707
Fish;Fishing mortality Sardine VIIIc+Ixa;;1;0.27;0;0.5575
Fish;Fishing mortality Trachurus;;1;0.13;0;0.149
Fish;Fishing mortality Scomber (NEAM);;1;0.22;0;0.21725
Fish;Fishing mortality Micromesistius (I-IX);;1;0.3;0;0.1215
Fish;Fishing mortality T. alalunga;;1;0.1486;0;0.078874735
Fish;Fishing mortality T. thynnus;;1;0.3025;0;0.108
Fish;Fish larger than mean size 1st sexual maturation Engraulis;%;0;50;100;99.99
Fish;Fish larger than mean size 1st sexual maturation L. budegassa;%;0;50;100;46.44
Fish;Fish larger than mean size 1st sexual maturation L. piscatorius;%;0;50;100;55.5
Fish;Fish larger than mean size 1st sexual maturation L. boscii;%;0;50;100;99.88
Fish;Fish larger than mean size 1st sexual maturation L. whiffiagonis;%;0;50;100;42.84
Fish;Fish larger than mean size 1st sexual maturation Merluccius;%;0;50;100;16.68
Fish;Fish larger than mean size 1st sexual maturation Trachurus;%;0;50;100;43.8
Fish;Fish larger than mean size 1st sexual maturation Scomber;%;0;50;100;75.4
Fish;Fish larger than mean size 1st sexual maturation Micromesistius;%;0;50;100;98.25
Fish;Spawning-stock biomass L. budegassa BoBiscay;t;0;1;3;0.815
Fish;Spawning-stock biomass L. piscatorius BoBiscay;t;0;9000;16500;6510.75
Fish;Spawning-stock biomass L. boscii (8c9a);t;0;5333.666667;6801;6015
Fish;Spawning-stock biomass L. whiffiagonis (8c9a);t;0;1440;2500;1253
Fish;Spawning-stock biomass Sardine VIIIc-Ixa;t;0;551266.6667;917000;159000
Fish;Spawning-stock biomass Trachurus;t;0;1889.733333;4400;1008.75
Fish;Spawning-stock biomass Scomber (NEAM);t^10;0;3.36;5.36;4.2675
Fish;Spawning-stock biomass Engraulis;t;0;63000;95000;80907.84506
Fish;Spawning-stock biomass Merluccius BoBiscay+North;t;0;94133.33333;190000;167104.25
Fish;Spawning-stock biomass Merluccius Iberian Waters;t;0;23666.66667;45800;16840
Fish;Spawning-stock biomass Micromesistius;t;0;2250000;7189000;3740250
Fish;Spawning-stock biomass T. alalunga (Natlantic stock);t;0;81110;241383.36;186629.8
Fish;Spawning-stock biomass T. thynnus East Atlantic + Med);t;0;186435.627;333241;239373.6
Fish;Proportion of fish larger than 1000 mm;%;0;15;30;13.07
Fish;LFI;Biomass of species > 40 cm as a proportion of the total species biomass;0.2031151;0.3808409;0.4062303;0.1560313
Benthic habitats;MML;Ratio of length-weigthed assemblage species sum to total species biomass;57.27003;107.3813;114.5400569;71.9157825
Benthic habitats;MTL;Ratio of trophic level-weigthed assemblage species sum to total species biomass;2.095085;3.928285;4.1901704;4.0667956
Benthic habitats;Typological group sensitive to seafloor physical impact;Mean % of total individual density (number of individuals per m²);7.526762;14.112679;15.053524;19.265697
Benthic habitats;Typological group highly sensitive to seafloor physical impact;Mean % of total individual density (number of individuals per m²);8.501074;15.939513;17.002147;10.083716
Benthic habitats;Typological group sensitive to seafloor physical impact;Mean % of total biomass density (g AFDW per m²);9.952115;18.660216;19.90423;25.442203
Benthic habitats;Typological group highly sensitive to seafloor physical impact;Mean % of total biomass density (g AFDW per m²);28.611846;53.64721;57.223691;51.421652
Benthic habitats;Typological group sensitive to seafloor physical impact;Mean % of total number of taxa;16.669399;31.255123;33.338798;32.429648
Benthic habitats;Typological group highly sensitive to seafloor physical impact;Mean % of total number of taxa;3.643924;6.832357;7.287847;4.343481
Benthic habitats;Typological group sensitive to seafloor physical impact;Mean % of total individual density (number of individuals per m²);18.197211;34.119771;36.394422;29.145932
Benthic habitats;Typological group highly sensitive to seafloor physical impact;Mean % of total individual density (number of individuals per m²);3.300029;6.187554;6.600058;7.633729
Benthic habitats;Typological group sensitive to seafloor physical impact;Mean % of total biomass density (g AFDW per m²);19.170665;35.944998;38.341331;30.303709
Benthic habitats;Typological group highly sensitive to seafloor physical impact;Mean % of total biomass density (g AFDW per m²);15.787422;29.601415;31.574843;34.240844
Benthic habitats;Typological group sensitive to seafloor physical impact;Mean % of total number of taxa;17.586911;32.975459;35.173823;33.935693
Benthic habitats;Typological group highly sensitive to seafloor physical impact;Mean % of total number of taxa;3.345152;6.272159;6.690303;6.962407
Benthic habitats;Typological group sensitive to seafloor physical impact;Mean % of total individual density (number of individuals per m²);30.39264;56.9862;60.78528;49.336626
Benthic habitats;Typological group highly sensitive to seafloor physical impact;Mean % of total individual density (number of individuals per m²);1.444257;2.707981;2.888513;3.239133
Benthic habitats;Typological group sensitive to seafloor physical impact;Mean % of total biomass density (g AFDW per m²);23.547842;44.152203;47.095683;42.849621
Benthic habitats;Typological group highly sensitive to seafloor physical impact;Mean % of total biomass density (g AFDW per m²);15.055093;28.228299;30.110186;22.51568
Benthic habitats;Typological group sensitive to seafloor physical impact;Mean % of total number of taxa;17.299338;32.436258;34.598675;34.923791
Benthic habitats;Typological group highly sensitive to seafloor physical impact;Mean % of total number of taxa;5.539469;10.386504;11.078938;8.719433
Pelagic habitats;Copepod concentration;Number of individuals per liter;12.74457;23.89608;25.48915;12.86112
Pelagic habitats;Phytoplankton species richness;Mean number of species;88.5;165.9375;177;186.6
Pelagic habitats;Zooplankton species richness;Mean number of species;23.55897;44.17307;47.11794;47.80565
Benthic habitats;Benthic invertebrates species richness;Total number of species;88;165;176;202
Benthic habitats;Benthic species richness;Total number of species;48;90;96;66
Pelagic habitats;Pelagic species richness;Total number of species;8;15;16;12
Birds;Bird species richness;Total number of species;10.98487;20.59663;21.96974;23.66667
Mammals;Mammal species richness;Total number of species;0;4;6;6
Pelagic habitats;Biomass of copepods;% of biomass;30;49;60;68
Pelagic habitats;Biomass of copepods;% of biomass;25;40;50;41
Pelagic habitats;Biomass of copepods;% of biomass;35;54;65;68
Pelagic habitats;Biomass of microphagous zooplankton;% of biomass;30;51;68;28
Pelagic habitats;Biomass of microphagous zooplankton;% of biomass;25;59;70;60
Pelagic habitats;Biomass of microphagous zooplankton;% of biomass;15;46;60;35
Plants;Maximum macrophyte distribution depth;m;0;14;20;15
Fish;Fish community size index;index;0.25;1.09;5;0.8
Fish;Fish community abundance index;index;0;1.3;1.7;0.53
Fish;Fish community trophic index;index;3.1;3.32;3.55;3.6
Fish;Fishing mortality Fmsy of Baltic herring;index;0.5;0.3;0;0.31
Fish;Fishing mortality Fmsy of Baltic sprat;index;0.5;0.35;0;0.41
Fish;Fishing mortality Fmsy of Baltic cod;index;0.5;0.3;0;0.25
Birds;Proportion of oiled seabirds;percentage;100;10;1;0
Birds;Abundance of wintering populations of seabirds Red-throated Diver and Black-throated Loon;individual;0;250;500;200
Birds;Abundance of wintering populations of seabirds Red-throated Diver and Black-throated Loon;individual;0;250;500;200
Birds;Abundance of wintering populations of seabirds Red-throated Diver and Black-throated Loon;individual;0;250;500;200
Birds;Abundance of wintering Great Crested Grebe (Podiceps cristatus);individual;0;1400;2800;1400
Birds;Abundance of wintering Great Crested Grebe (Podiceps cristatus);individual;0;1400;2800;1400
Birds;Abundance of wintering Great Crested Grebe (Podiceps cristatus);individual;0;1400;2800;1400
Birds;Abundance of wintering populations of seabirds Common Merganser (Megus merganser);individual;0;4700;9400;2500
Birds;Abundance of wintering populations of seabirds Common Merganser (Megus merganser);individual;0;4700;9400;2500
Birds;Abundance of wintering populations of seabirds Common Merganser (Megus merganser);individual;0;4700;9400;2500
Birds;Abundance of wintering populations of seabirds Velvet Scotter (Melanitta fusca);individual;0;13700;27400;900
Birds;Abundance of wintering populations of seabirds Velvet Scotter (Melanitta fusca);individual;0;13700;27400;900
Birds;Abundance of wintering populations of seabirds Velvet Scotter (Melanitta fusca);individual;0;13700;27400;900
Birds;Abundance of wintering populations of seabirds Long-tailed Duck (Clangula hyemalis);individual;0;2800;5600;500
Birds;Abundance of wintering populations of seabirds Long-tailed Duck (Clangula hyemalis);individual;0;2800;5600;500
Birds;Abundance of wintering populations of seabirds Long-tailed Duck (Clangula hyemalis);individual;0;2800;5600;500
Birds;Abundance of wintering populations of seabirds Common Goldeneye (Bucephala clangula);individual;0;1000;2000;550
Birds;Abundance of wintering populations of seabirds Common Goldeneye (Bucephala clangula);individual;0;1000;2000;550
Birds;Abundance of wintering populations of seabirds Common Goldeneye (Bucephala clangula);individual;0;1000;2000;550
Benthic habitats;Bentic quality index (BQI);index;1.5;3.3;5;3.8
Benthic habitats;Menhinick index, spring;;0.01;0.09;0.19;0.038
Benthic habitats;Menhinick index, summer;;0.01;0.09;0.19;0.068571
Benthic habitats;IBI, spring;;0;0.63;1;0.456
Benthic habitats;IBI, summer;;0;0.63;1;0.491429
Pelagic habitats;H index  mesozoo spring;;0.01;3;4.5;1.66
Pelagic habitats;H index  mesozoo summer;;0.01;3;4.5;2.66
Pelagic habitats;N. scintilans, spring;mg/m3;6000;250;10;707.8567
Pelagic habitats;M.leyidii summer;g/m3;100;4;0;3.38775
Benthic habitats;H index, zoobenthos;;0.1;2.5;3.6;2.13
Benthic habitats;AMBI;;7;3.3;0.01;3.753333
Benthic habitats;M-AMBI;;0;0.55;0.85;0.32
Benthic habitats;EEIc;;0;6;10;4.02
Benthic habitats;Menhinick index, spring;;0.01;0.09;0.19;0.046
Benthic habitats;Menhinick index, summer;;0.01;0.09;0.19;0.062857
Benthic habitats;IBI, spring;;0;0.63;1;0.448
Benthic habitats;IBI, summer;;0;0.63;1;0.471429
Pelagic habitats;B mesozooplankton, spring;mg/m3;0;140;400;75.528
Pelagic habitats;B mesozooplankton, summer;mg/m3;0;500;1300;240.0057
Pelagic habitats;H index  mesozoo spring;;0.01;3;4.5;1.798
Pelagic habitats;H index  mesozoo summer;;0.01;3;4.5;2.64
Pelagic habitats;N. scintilans, spring;mg/m3;6000;250;10;313.5844
Pelagic habitats;M.leyidii summer;g/m3;100;4;0;3.219667
Benthic habitats;H index, zoobenthos;;0.1;2.5;3.6;2.746667
Benthic habitats;AMBI;;7;3.3;0.01;4.573333
Benthic habitats;M-AMBI;;0;0.55;0.85;0.373333
Benthic habitats;EEIc;;0;6;10;1.14
Benthic habitats;Menhinick index, spring;;0.01;0.09;0.19;0.036667
Benthic habitats;Menhinick index, summer;;0.01;0.09;0.19;0.074
Benthic habitats;IBI, spring;;0;0.63;1;0.443333
Benthic habitats;IBI, summer;;0;0.63;1;0.576
Pelagic habitats;B mesozooplankton, spring;mg/m3;0;140;400;137.7767
Pelagic habitats;B mesozooplankton, summer;mg/m3;0;500;1300;358.0312
Pelagic habitats;H index  mesozoo spring;;0.01;3;4.5;1.816667
Pelagic habitats;H index  mesozoo summer;;0.01;3;4.5;2.56
Pelagic habitats;N. scintilans, spring;mg/m3;6000;250;10;493.35
Pelagic habitats;M.leyidii summer;g/m3;100;4;0;2.16
Benthic habitats;H index, zoobenthos;;0.1;2.5;3.6;3.015
Benthic habitats;AMBI;;7;3.3;0.01;3.15
Benthic habitats;M-AMBI;;0;0.55;0.85;0.472
Benthic habitats;EEIc;;0;6;10;7.775
Benthic habitats;Menhinick index, spring;;0.01;0.09;0.19;0.044
Benthic habitats;Menhinick index, summer;;0.01;0.09;0.19;0.067143
Benthic habitats;IBI, spring;;0;0.63;1;0.436
Benthic habitats;IBI, summer;;0;0.63;1;0.592857
Pelagic habitats;B mesozooplankton, spring;mg/m3;0;140;400;50.18333
Pelagic habitats;B mesozooplankton, summer;mg/m3;0;500;1300;383.7402
Pelagic habitats;H index  mesozoo spring;;0.01;3;4.5;1.91
Pelagic habitats;H index  mesozoo summer;;0.01;3;4.5;2.342
Pelagic habitats;N. scintilans, spring;mg/m3;6000;250;10;247.212
Pelagic habitats;M.leyidii summer;g/m3;100;4;0;1.344833
Benthic habitats;H index, zoobenthos;;0.1;2.5;3.6;2.323333
Benthic habitats;AMBI;;7;3.3;0.01;2.64
Benthic habitats;M-AMBI;;0;0.55;0.85;0.548571
Benthic habitats;EEIc;;0;6;10;4.74
Fish;H index fish;;1;3.2;4.5;1.48
Fish;H index fish;;1;3.2;4.5;1.45
Fish;Sprattus spratus mean length;cm;5;8.8;15;8.21
Fish;Sprattus spratus  ratio catch/biomass;;0.17;0.082;0.05;0.095
Fish;Sprattus spratus biomass;t;10000;55000;85000;39664
Fish;Sprattus spratu sexually mature specimen;%;10;68;95;68.4
Fish;Scophtalmus maximus mean length;cm;11.5;50.2;80;47.5
Fish;Scophtalmus maximus ratio catch/biomass;;0.1;0.033;0.02;0.049
Fish;Scophtalmus maximus biomass;t;350;1700;2500;1301.7
Fish;Scophtalmus maximus sexually mature specimen;%;55;74.7;95;74.7
Birds;HELCOM core: Abundance of waterbirds in the wintering season;% of populations whose size is within +-30 % of the 1991 level;0;0.75;1;0.357142857
Birds;HELCOM core: Abundance of waterbirds in the breeding season;% of populations whose size is within +-30 % of the 1991 level;0;0.75;1;0.166666667
Fish;HELCOM Core: Abundance of salmon spawners and smolt;Smolt production in rivers (x 1000) (main parameter);50;170;225;55
Mammals;HELCOM Core: Pregnancy rates of the marine mammals: grey seal;%;0;80;100;90
Mammals;HELCOM Core: Population growth rate, abundance and distribution of marine mammals: grey seal population growth rate;%;0;10;25;5.5
Mammals;HELCOM Core: Population growth rate, abundance and distribution of marine mammals: ringed seal population growth rate;%;0;12;25;0
Fish;HELCOM Core: Abundance of key fish species;;0;0.08200516;0.18;0.1044903
Pelagic habitats;Microphagous mesozooplankton biomass;mg / m3;632.1875218;143;2.319170893;14.8
Pelagic habitats; Copepod biomass;mg / m3;9.053552701;70;374.8833937;160.8
Plants;Depth distribution of selected perennial macroalgae;EQR;0;0.79;1;0.62
Plants;Cladophora glomerata growth rate;mm / day;10;0.58;0;2
Benthic habitats;Cyanobacterial surface accumulations - the CSA-index;;0;0.83;1;0.76
Pelagic habitats;Phytoplankton taxonomic diversity (Shannon95);;0.326208501;2.32;2.755669896;1.92
Fish;Spawning stock biomass of herring;thousand tonnes;430;600;1000;915.7166
Fish;Spawning stock biomass of sprat;thousand tonnes;410;570;1000;926
Plants;Fucus growth depth, sheltered;m;0;3.2;4.2;2.1
Plants;Fucus growth depth, sheltered;m;0;3.2;4.2;1.88
Plants;Fucus growth depth, sheltered;m;0;3.2;4.2;1.2
Plants;Fucus growth depth, sheltered;m;0;3.2;4.2;1.6
Plants;Fucus growth depth, sheltered;m;0;3.2;4.2;1.5
Plants;Fucus growth depth, sheltered;m;0;3;4;2.3
Plants;Fucus growth depth, sheltered;m;0;3;4;3.2
Plants;Fucus growth depth, sheltered;m;0;3;4;3.2
Plants;Fucus growth depth, sheltered;m;0;3;4;2.5
Plants;Fucus growth depth, sheltered;m;0;3;4;1.7
Plants;Fucus growth depth, sheltered;m;0;5.5;7;3.1
Plants;Fucus growth depth, sheltered;m;0;5.5;7;2.7
Plants;Fucus growth depth, sheltered;m;0;4;5.5;3.7
Plants;Fucus growth depth, sheltered;m;0;4;5.5;3.65
Plants;Fucus growth depth, sheltered;m;0;4;5.5;3.5
Plants;Fucus growth depth, sheltered;m;0;4;5.5;3.7
Plants;Fucus growth depth, open;m;0;4;5.5;2.3
Plants;Fucus growth depth, open;m;0;4;5.5;1.6
Plants;Fucus growth depth, open;m;0;4;5.5;2.2
Plants;Fucus growth depth, open;m;0;3.5;5;3.4
Plants;Fucus growth depth, open;m;0;3.5;5;3.7
Plants;Fucus growth depth, open;m;0;3.5;5;4
Plants;Fucus growth depth, open;m;0;3.5;5;4.15
Plants;Fucus growth depth, open;m;0;3.5;5;2.8
Plants;Fucus growth depth, open;m;0;3.5;5;4.05
Plants;Fucus growth depth, open;m;0;3.5;5;3.1
Plants;Fucus growth depth, open;m;0;3.5;5;2.95
Plants;Fucus growth depth, open;m;0;6;8;4.25
Plants;Fucus growth depth, open;m;0;5;6.5;4.35
Plants;Fucus growth depth, open;m;0;5;6.5;3
Plants;Fucus growth depth, open;m;0;5;6.5;3
Plants;Fucus growth depth, open;m;0;5;6.5;4.35
Benthic habitats;BBI-index;;0;0.53;1;0.44
Benthic habitats;BBI-index;;0;0.53;1;0.71
Benthic habitats;BBI-index;;0;0.53;1;0.46
Benthic habitats;BBI-index;;0;0.53;1;0.03
Benthic habitats;BBI-index;;0;0.53;1;0.17
Benthic habitats;BBI-index;;0;0.53;1;0.28
Benthic habitats;BBI-index;;0;0.53;1;0.36
Benthic habitats;BBI-index;;0;0.53;1;0.36
Benthic habitats;BBI-index;;0;0.53;1;0.48
Benthic habitats;BBI-index;;0;0.53;1;0.86
Benthic habitats;BBI-index;;0;0.53;1;0.71
Benthic habitats;BBI-index;;0;0.52;1;0.43
Benthic habitats;BBI-index;;0;0.52;1;0.2376
Benthic habitats;BBI-index;;0;0.52;1;0.069
Benthic habitats;BBI-index;;0;0.52;1;0.3397
Benthic habitats;BBI-index;;0;0.52;1;0.3893
Benthic habitats;BBI-index;;0;0.52;1;0.3453
Benthic habitats;BBI-index;;0;0.52;1;0.3326
Benthic habitats;BBI-index;;0;0.52;1;0.3521
Benthic habitats;BBI-index;;0;0.52;1;0.4239
Benthic habitats;BBI-index;;0;0.52;1;0.359
Benthic habitats;BBI-index;;0;0.52;1;0.3516
Benthic habitats;BBI-index;;0;0.52;1;0.1706
Benthic habitats;BBI-index;;0;0.52;1;0.07
Benthic habitats;BBI-index;;0;0.52;1;0.06
Benthic habitats;BBI-index;;0;0.52;1;0.37
Benthic habitats;BBI-index;;0;0.52;1;0.13
Benthic habitats;BBI-index;;0;0.52;1;0.15
Benthic habitats;BBI-index;;0;0.52;1;0
Benthic habitats;BBI-index;;0;0.52;1;0.45
Benthic habitats;BBI-index;;0;0.52;1;0.48
Benthic habitats;BBI-index;;0;0.52;1;0.54
Benthic habitats;BBI-index;;0;0.52;1;0.71
Benthic habitats;BBI-index;;0;0.52;1;0.75
Benthic habitats;BBI-index;;0;0.52;1;0.66
Benthic habitats;BBI-index;;0;0.52;1;0.75
Benthic habitats;BBI-index;;0;0.52;1;0.12
Benthic habitats;BBI-index;;0;0.54;1;0.27
Benthic habitats;BBI-index;;0;0.54;1;0.29
Benthic habitats;BBI-index;;0;0.54;1;0.52
Benthic habitats;BBI-index;;0;0.56;1;0.3661
Benthic habitats;BBI-index;;0;0.56;1;0.1285
Benthic habitats;BBI-index;;0;0.56;1;0.23
Benthic habitats;BBI-index;;0;0.56;1;0.44
Benthic habitats;BBI-index;;0;0.56;1;0.68
Pelagic habitats;Phytoplankton Marine Biological Value;MBV;0;3;5;2
Pelagic habitats;Phytoplankton Marine Biological Value;MBV;0;3;5;2
Pelagic habitats;Phytoplankton Marine Biological Value;MBV;0;3;5;2
Pelagic habitats;Phytoplankton Marine Biological Value;MBV;0;3;5;2
Pelagic habitats;Phytoplankton Marine Biological Value;MBV;0;3;5;2
Pelagic habitats;Phytoplankton Marine Biological Value;MBV;0;3;5;2
Pelagic habitats;Phytoplankton Marine Biological Value;MBV;0;3;5;2
Pelagic habitats;Phytoplankton Marine Biological Value;MBV;0;3;5;2
Pelagic habitats;Phytoplankton Marine Biological Value;MBV;0;3;5;2
Pelagic habitats;Phytoplankton Marine Biological Value;MBV;0;3;5;2
Pelagic habitats;Phytoplankton Marine Biological Value;MBV;0;3;5;2
Pelagic habitats;Phytoplankton Marine Biological Value;MBV;0;3;5;2
Pelagic habitats;Phytoplankton Marine Biological Value;MBV;0;3;5;2
Pelagic habitats;Phytoplankton Marine Biological Value;MBV;0;3;5;2
Pelagic habitats;Phytoplankton Marine Biological Value;MBV;0;3;5;2
Pelagic habitats;Phytoplankton Marine Biological Value;MBV;0;3;5;2
Pelagic habitats;Phytoplankton Marine Biological Value;MBV;0;3;5;2
Pelagic habitats;Phytoplankton Marine Biological Value;MBV;0;3;5;2
Pelagic habitats;Phytoplankton Marine Biological Value;MBV;0;3;5;2
Pelagic habitats;Phytoplankton Marine Biological Value;MBV;0;3;5;2
Pelagic habitats;Phytoplankton Marine Biological Value;MBV;0;3;5;2
Pelagic habitats;Phytoplankton Marine Biological Value;MBV;0;3;5;2
Pelagic habitats;Phytoplankton Marine Biological Value;MBV;0;3;5;2
Pelagic habitats;Phytoplankton Marine Biological Value;MBV;0;3;5;2
Pelagic habitats;Phytoplankton Marine Biological Value;MBV;0;3;5;3
Pelagic habitats;Phytoplankton Marine Biological Value;MBV;0;3;5;3
Pelagic habitats;Phytoplankton Marine Biological Value;MBV;0;3;5;2
Pelagic habitats;Phytoplankton Marine Biological Value;MBV;0;3;5;2
Pelagic habitats;Phytoplankton Marine Biological Value;MBV;0;3;5;3
Pelagic habitats;Phytoplankton Marine Biological Value;MBV;0;3;5;3
Pelagic habitats;Phytoplankton Marine Biological Value;MBV;0;3;5;3
Pelagic habitats;Phytoplankton Marine Biological Value;MBV;0;3;5;2
Pelagic habitats;Phytoplankton Marine Biological Value;MBV;0;3;5;3
Pelagic habitats;Phytoplankton Marine Biological Value;MBV;0;3;5;3
Pelagic habitats;Phytoplankton Marine Biological Value;MBV;0;3;5;3
Pelagic habitats;Phytoplankton Marine Biological Value;MBV;0;3;5;2
Pelagic habitats;Phytoplankton Marine Biological Value;MBV;0;3;5;3
Pelagic habitats;Phytoplankton Marine Biological Value;MBV;0;3;5;2
Pelagic habitats;Phytoplankton Marine Biological Value;MBV;0;3;5;3
Pelagic habitats;Phytoplankton Marine Biological Value;MBV;0;3;5;2
Pelagic habitats;Phytoplankton Marine Biological Value;MBV;0;3;5;2
Pelagic habitats;Phytoplankton Marine Biological Value;MBV;0;3;5;2
Pelagic habitats;Phytoplankton Marine Biological Value;MBV;0;3;5;2
Pelagic habitats;Zooplankton Marine Biological Value;MBV;0;3;5;3
Pelagic habitats;Zooplankton Marine Biological Value;MBV;0;3;5;3
Pelagic habitats;Zooplankton Marine Biological Value;MBV;0;3;5;3
Pelagic habitats;Zooplankton Marine Biological Value;MBV;0;3;5;3
Pelagic habitats;Zooplankton Marine Biological Value;MBV;0;3;5;5
Pelagic habitats;Zooplankton Marine Biological Value;MBV;0;3;5;5
Pelagic habitats;Zooplankton Marine Biological Value;MBV;0;3;5;4
Pelagic habitats;Zooplankton Marine Biological Value;MBV;0;3;5;5
Pelagic habitats;Zooplankton Marine Biological Value;MBV;0;3;5;4
Pelagic habitats;Zooplankton Marine Biological Value;MBV;0;3;5;4
Pelagic habitats;Zooplankton Marine Biological Value;MBV;0;3;5;4
Pelagic habitats;Zooplankton Marine Biological Value;MBV;0;3;5;4
Pelagic habitats;Zooplankton Marine Biological Value;MBV;0;3;5;4
Pelagic habitats;Zooplankton Marine Biological Value;MBV;0;3;5;4
Pelagic habitats;Zooplankton Marine Biological Value;MBV;0;3;5;4
Pelagic habitats;Zooplankton Marine Biological Value;MBV;0;3;5;3
Pelagic habitats;Zooplankton Marine Biological Value;MBV;0;3;5;4
Pelagic habitats;Zooplankton Marine Biological Value;MBV;0;3;5;3
Pelagic habitats;Zooplankton Marine Biological Value;MBV;0;3;5;4
Pelagic habitats;Zooplankton Marine Biological Value;MBV;0;3;5;3
Pelagic habitats;Zooplankton Marine Biological Value;MBV;0;3;5;3
Pelagic habitats;Zooplankton Marine Biological Value;MBV;0;3;5;3
Pelagic habitats;Zooplankton Marine Biological Value;MBV;0;3;5;4
Pelagic habitats;Zooplankton Marine Biological Value;MBV;0;3;5;3
Pelagic habitats;Zooplankton Marine Biological Value;MBV;0;3;5;3
Pelagic habitats;Zooplankton Marine Biological Value;MBV;0;3;5;2
Pelagic habitats;Zooplankton Marine Biological Value;MBV;0;3;5;4
Pelagic habitats;Zooplankton Marine Biological Value;MBV;0;3;5;4
Pelagic habitats;Zooplankton Marine Biological Value;MBV;0;3;5;4
Pelagic habitats;Zooplankton Marine Biological Value;MBV;0;3;5;4
Pelagic habitats;Zooplankton Marine Biological Value;MBV;0;3;5;4
Pelagic habitats;Zooplankton Marine Biological Value;MBV;0;3;5;2
Pelagic habitats;Zooplankton Marine Biological Value;MBV;0;3;5;4
Pelagic habitats;Zooplankton Marine Biological Value;MBV;0;3;5;3
Pelagic habitats;Zooplankton Marine Biological Value;MBV;0;3;5;4
Pelagic habitats;Zooplankton Marine Biological Value;MBV;0;3;5;2
Pelagic habitats;Zooplankton Marine Biological Value;MBV;0;3;5;4
Pelagic habitats;Zooplankton Marine Biological Value;MBV;0;3;5;5
Pelagic habitats;Zooplankton Marine Biological Value;MBV;0;3;5;4
Pelagic habitats;Zooplankton Marine Biological Value;MBV;0;3;5;4
Pelagic habitats;Zooplankton Marine Biological Value;MBV;0;3;5;5
Pelagic habitats;Zooplankton Marine Biological Value;MBV;0;3;5;5
Benthic habitats;Benthic Communities Marine Biological Value;MBV;0;3;5;4
Benthic habitats;Benthic Communities Marine Biological Value;MBV;0;3;5;4
Benthic habitats;Benthic Communities Marine Biological Value;MBV;0;3;5;4
Benthic habitats;Benthic Communities Marine Biological Value;MBV;0;3;5;3
Benthic habitats;Benthic Communities Marine Biological Value;MBV;0;3;5;4
Benthic habitats;Benthic Communities Marine Biological Value;MBV;0;3;5;4
Benthic habitats;Benthic Communities Marine Biological Value;MBV;0;3;5;4
Benthic habitats;Benthic Communities Marine Biological Value;MBV;0;3;5;4
Benthic habitats;Benthic Communities Marine Biological Value;MBV;0;3;5;4
Benthic habitats;Benthic Communities Marine Biological Value;MBV;0;3;5;4
Benthic habitats;Benthic Communities Marine Biological Value;MBV;0;3;5;4
Benthic habitats;Benthic Communities Marine Biological Value;MBV;0;3;5;3
Benthic habitats;Benthic Communities Marine Biological Value;MBV;0;3;5;4
Benthic habitats;Benthic Communities Marine Biological Value;MBV;0;3;5;4
Benthic habitats;Benthic Communities Marine Biological Value;MBV;0;3;5;3
Benthic habitats;Benthic Communities Marine Biological Value;MBV;0;3;5;4
Benthic habitats;Benthic Communities Marine Biological Value;MBV;0;3;5;4
Benthic habitats;Benthic Communities Marine Biological Value;MBV;0;3;5;3
Benthic habitats;Benthic Communities Marine Biological Value;MBV;0;3;5;4
Benthic habitats;Benthic Communities Marine Biological Value;MBV;0;3;5;4
Benthic habitats;Benthic Communities Marine Biological Value;MBV;0;3;5;3
Benthic habitats;Benthic Communities Marine Biological Value;MBV;0;3;5;5
Benthic habitats;Benthic Communities Marine Biological Value;MBV;0;3;5;4
Benthic habitats;Benthic Communities Marine Biological Value;MBV;0;3;5;4
Benthic habitats;Benthic Communities Marine Biological Value;MBV;0;3;5;4
Benthic habitats;Benthic Communities Marine Biological Value;MBV;0;3;5;4
Benthic habitats;Benthic Communities Marine Biological Value;MBV;0;3;5;2
Pelagic habitats;Pelagic Coastal Fish Crustacea Cephalopods Marine Biological Value;MBV;0;3;5;2
Pelagic habitats;Pelagic Coastal Fish Crustacea Cephalopods Marine Biological Value;MBV;0;3;5;2
Pelagic habitats;Pelagic Coastal Fish Crustacea Cephalopods Marine Biological Value;MBV;0;3;5;2
Pelagic habitats;Pelagic Coastal Fish Crustacea Cephalopods Marine Biological Value;MBV;0;3;5;2
Pelagic habitats;Pelagic Coastal Fish Crustacea Cephalopods Marine Biological Value;MBV;0;3;5;2
Pelagic habitats;Pelagic Coastal Fish Crustacea Cephalopods Marine Biological Value;MBV;0;3;5;4
Pelagic habitats;Pelagic Coastal Fish Crustacea Cephalopods Marine Biological Value;MBV;0;3;5;2
Pelagic habitats;Pelagic Coastal Fish Crustacea Cephalopods Marine Biological Value;MBV;0;3;5;4
Pelagic habitats;Pelagic Coastal Fish Crustacea Cephalopods Marine Biological Value;MBV;0;3;5;2
Pelagic habitats;Pelagic Coastal Fish Crustacea Cephalopods Marine Biological Value;MBV;0;3;5;4
Pelagic habitats;Pelagic Coastal Fish Crustacea Cephalopods Marine Biological Value;MBV;0;3;5;3
Pelagic habitats;Pelagic Coastal Fish Crustacea Cephalopods Marine Biological Value;MBV;0;3;5;4
Pelagic habitats;Pelagic Coastal Fish Crustacea Cephalopods Marine Biological Value;MBV;0;3;5;4
Pelagic habitats;Pelagic Coastal Fish Crustacea Cephalopods Marine Biological Value;MBV;0;3;5;3
Pelagic habitats;Pelagic Coastal Fish Crustacea Cephalopods Marine Biological Value;MBV;0;3;5;3
Pelagic habitats;Pelagic Coastal Fish Crustacea Cephalopods Marine Biological Value;MBV;0;3;5;3
Pelagic habitats;Pelagic Coastal Fish Crustacea Cephalopods Marine Biological Value;MBV;0;3;5;3
Pelagic habitats;Pelagic Coastal Fish Crustacea Cephalopods Marine Biological Value;MBV;0;3;5;3
Pelagic habitats;Pelagic Coastal Fish Crustacea Cephalopods Marine Biological Value;MBV;0;3;5;3
Pelagic habitats;Pelagic Coastal Fish Crustacea Cephalopods Marine Biological Value;MBV;0;3;5;3
Benthic habitats;Demersal Coastal Fish Crustacea Cephalopods Marine Biological Value;MBV;0;3;5;2
Benthic habitats;Demersal Coastal Fish Crustacea Cephalopods Marine Biological Value;MBV;0;3;5;2
Benthic habitats;Demersal Coastal Fish Crustacea Cephalopods Marine Biological Value;MBV;0;3;5;3
Benthic habitats;Demersal Coastal Fish Crustacea Cephalopods Marine Biological Value;MBV;0;3;5;3
Benthic habitats;Demersal Coastal Fish Crustacea Cephalopods Marine Biological Value;MBV;0;3;5;2
Benthic habitats;Demersal Coastal Fish Crustacea Cephalopods Marine Biological Value;MBV;0;3;5;2
Benthic habitats;Demersal Coastal Fish Crustacea Cephalopods Marine Biological Value;MBV;0;3;5;2
Benthic habitats;Demersal Coastal Fish Crustacea Cephalopods Marine Biological Value;MBV;0;3;5;2
Benthic habitats;Demersal Coastal Fish Crustacea Cephalopods Marine Biological Value;MBV;0;3;5;3
Benthic habitats;Demersal Coastal Fish Crustacea Cephalopods Marine Biological Value;MBV;0;3;5;2
Benthic habitats;Demersal Coastal Fish Crustacea Cephalopods Marine Biological Value;MBV;0;3;5;3
Benthic habitats;Demersal Coastal Fish Crustacea Cephalopods Marine Biological Value;MBV;0;3;5;2
Benthic habitats;Demersal Coastal Fish Crustacea Cephalopods Marine Biological Value;MBV;0;3;5;3
Benthic habitats;Demersal Coastal Fish Crustacea Cephalopods Marine Biological Value;MBV;0;3;5;4
Benthic habitats;Demersal Coastal Fish Crustacea Cephalopods Marine Biological Value;MBV;0;3;5;3
Benthic habitats;Demersal Coastal Fish Crustacea Cephalopods Marine Biological Value;MBV;0;3;5;2
Benthic habitats;Demersal Coastal Fish Crustacea Cephalopods Marine Biological Value;MBV;0;3;5;4
Benthic habitats;Demersal Coastal Fish Crustacea Cephalopods Marine Biological Value;MBV;0;3;5;3
Benthic habitats;Demersal Coastal Fish Crustacea Cephalopods Marine Biological Value;MBV;0;3;5;3
Benthic habitats;Demersal Coastal Fish Crustacea Cephalopods Marine Biological Value;MBV;0;3;5;4
Benthic habitats;Demersal Coastal Fish Crustacea Cephalopods Marine Biological Value;MBV;0;3;5;4
Benthic habitats;Demersal Coastal Fish Crustacea Cephalopods Marine Biological Value;MBV;0;3;5;4
Benthic habitats;Demersal Coastal Fish Crustacea Cephalopods Marine Biological Value;MBV;0;3;5;3
Benthic habitats;Demersal Coastal Fish Crustacea Cephalopods Marine Biological Value;MBV;0;3;5;3
Benthic habitats;Deep Coastal Fish Crustacea Cephalopods Marine Biological Value;MBV;0;3;5;2
Benthic habitats;Deep Coastal Fish Crustacea Cephalopods Marine Biological Value;MBV;0;3;5;4
Benthic habitats;Deep Coastal Fish Crustacea Cephalopods Marine Biological Value;MBV;0;3;5;4
Benthic habitats;Deep Coastal Fish Crustacea Cephalopods Marine Biological Value;MBV;0;3;5;4
Benthic habitats;Deep Coastal Fish Crustacea Cephalopods Marine Biological Value;MBV;0;3;5;3
Benthic habitats;Deep Coastal Fish Crustacea Cephalopods Marine Biological Value;MBV;0;3;5;3
Benthic habitats;Deep Coastal Fish Crustacea Cephalopods Marine Biological Value;MBV;0;3;5;3
Benthic habitats;Deep Coastal Fish Crustacea Cephalopods Marine Biological Value;MBV;0;3;5;2
Benthic habitats;Deep Coastal Fish Crustacea Cephalopods Marine Biological Value;MBV;0;3;5;3
Benthic habitats;Deep Coastal Fish Crustacea Cephalopods Marine Biological Value;MBV;0;3;5;3
Benthic habitats;Deep Coastal Fish Crustacea Cephalopods Marine Biological Value;MBV;0;3;5;2
Benthic habitats;Deep Coastal Fish Crustacea Cephalopods Marine Biological Value;MBV;0;3;5;2
Benthic habitats;Deep Coastal Fish Crustacea Cephalopods Marine Biological Value;MBV;0;3;5;4
Benthic habitats;Deep Coastal Fish Crustacea Cephalopods Marine Biological Value;MBV;0;3;5;2
Birds;Marine Birds Marine Biological Value;MBV;0;3;5;5
Birds;Marine Birds Marine Biological Value;MBV;0;3;5;5
Birds;Marine Birds Marine Biological Value;MBV;0;3;5;5
Birds;Marine Birds Marine Biological Value;MBV;0;3;5;2
Birds;Marine Birds Marine Biological Value;MBV;0;3;5;5
Birds;Marine Birds Marine Biological Value;MBV;0;3;5;5
Birds;Marine Birds Marine Biological Value;MBV;0;3;5;5
Birds;Marine Birds Marine Biological Value;MBV;0;3;5;2
Birds;Marine Birds Marine Biological Value;MBV;0;3;5;5
Birds;Marine Birds Marine Biological Value;MBV;0;3;5;5
Birds;Marine Birds Marine Biological Value;MBV;0;3;5;5
Birds;Marine Birds Marine Biological Value;MBV;0;3;5;2
Birds;Marine Birds Marine Biological Value;MBV;0;3;5;5
Birds;Marine Birds Marine Biological Value;MBV;0;3;5;5
Birds;Marine Birds Marine Biological Value;MBV;0;3;5;5
Birds;Marine Birds Marine Biological Value;MBV;0;3;5;2
Birds;Marine Birds Marine Biological Value;MBV;0;3;5;5
Birds;Marine Birds Marine Biological Value;MBV;0;3;5;5
Birds;Marine Birds Marine Biological Value;MBV;0;3;5;5
Birds;Marine Birds Marine Biological Value;MBV;0;3;5;2
Birds;Marine Birds Marine Biological Value;MBV;0;3;5;4
Birds;Marine Birds Marine Biological Value;MBV;0;3;5;4
Birds;Marine Birds Marine Biological Value;MBV;0;3;5;3
Birds;Marine Birds Marine Biological Value;MBV;0;3;5;2
Birds;Marine Birds Marine Biological Value;MBV;0;3;5;4
Birds;Marine Birds Marine Biological Value;MBV;0;3;5;4
Birds;Marine Birds Marine Biological Value;MBV;0;3;5;3
Birds;Marine Birds Marine Biological Value;MBV;0;3;5;2
Birds;Marine Birds Marine Biological Value;MBV;0;3;5;4
Birds;Marine Birds Marine Biological Value;MBV;0;3;5;4
Birds;Marine Birds Marine Biological Value;MBV;0;3;5;2
Birds;Marine Birds Marine Biological Value;MBV;0;3;5;2
Birds;Marine Birds Marine Biological Value;MBV;0;3;5;4
Birds;Marine Birds Marine Biological Value;MBV;0;3;5;4
Birds;Marine Birds Marine Biological Value;MBV;0;3;5;3
Birds;Marine Birds Marine Biological Value;MBV;0;3;5;3
Birds;Marine Birds Marine Biological Value;MBV;0;3;5;4
Birds;Marine Birds Marine Biological Value;MBV;0;3;5;4
Birds;Marine Birds Marine Biological Value;MBV;0;3;5;3
Birds;Marine Birds Marine Biological Value;MBV;0;3;5;3
Birds;Marine Birds Marine Biological Value;MBV;0;3;5;4
Birds;Marine Birds Marine Biological Value;MBV;0;3;5;4
Birds;Marine Birds Marine Biological Value;MBV;0;3;5;3
Birds;Marine Birds Marine Biological Value;MBV;0;3;5;3
Fish;Demersal Fish Marine Biological Value 2008;MBV;0;3;5;2.4
Fish;Demersal Fish Marine Biological Value 2009;MBV;0;3;5;3.3
Fish;Demersal Fish Marine Biological Value 2010;MBV;0;3;5;2.7
Fish;Demersal Fish Marine Biological Value 2008;MBV;0;3;5;2.8
Fish;Demersal Fish Marine Biological Value 2009;MBV;0;3;5;2.9
Fish;Demersal Fish Marine Biological Value 2010;MBV;0;3;5;3
Fish;Demersal Fish Marine Biological Value 2008;MBV;0;3;5;3
Fish;Demersal Fish Marine Biological Value 2009;MBV;0;3;5;3.6
Fish;Demersal Fish Marine Biological Value 2010;MBV;0;3;5;3
Fish;Elasmobran Fish 2008;MBV;0;3;5;3
Fish;Elasmobran Fish 2009;MBV;0;3;5;3.5
Fish;Elasmobran Fish 2008;MBV;0;3;5;2.4
Fish;Elasmobran Fish 2009;MBV;0;3;5;2.3
Fish;Bottom Fish 2008;MBV;0;3;5;3.1
Fish;Bottom Fish 2009;MBV;0;3;5;2
Fish;Deepsea Selaceos 2008;MBV;0;3;5;3.8
Fish;Deepsea Selaceos 2009;MBV;0;3;5;3.5
Fish;Deepsea Selaceos 2008;MBV;0;3;5;2.2
Fish;Deepsea Selaceos 2009;MBV;0;3;5;1.9
Pelagic habitats;Pelagic Cephalopods 2007;MBV;0;3;5;3.7
Pelagic habitats;Pelagic Cephalopods 2008;MBV;0;3;5;4.2
Pelagic habitats;Pelagic Cephalopods 2009;MBV;0;3;5;4
Pelagic habitats;Pelagic Cephalopods 2010;MBV;0;3;5;3.1
Pelagic habitats;Pelagic Cephalopods 2011;MBV;0;3;5;3.5
Pelagic habitats;Pelagic Cephalopods 2007;MBV;0;3;5;2.8
Pelagic habitats;Pelagic Cephalopods 2008;MBV;0;3;5;3
Pelagic habitats;Pelagic Cephalopods 2009;MBV;0;3;5;2.2
Pelagic habitats;Pelagic Cephalopods 2010;MBV;0;3;5;2.8
Pelagic habitats;Pelagic Cephalopods 2011;MBV;0;3;5;2.7
Pelagic habitats;Pelagic Cephalopods 2008;MBV;0;3;5;2.5
Pelagic habitats;Pelagic Cephalopods 2009;MBV;0;3;5;2.5
Pelagic habitats;Pelagic Cephalopods 2010;MBV;0;3;5;2
Pelagic habitats;Pelagic Cephalopods 2011;MBV;0;3;5;1.9
Pelagic habitats;Deep Pelagic Cephalopods 2008;MBV;0;3;5;2.2
Pelagic habitats;Deep Pelagic Cephalopods 2009;MBV;0;3;5;2.6
Pelagic habitats;Deep Pelagic Cephalopods 2010;MBV;0;3;5;2.5
Pelagic habitats;Deep Pelagic Cephalopods 2011;MBV;0;3;5;2.4
Pelagic habitats;Deep Pelagic Cephalopods 2008;MBV;0;3;5;2
Pelagic habitats;Deep Pelagic Cephalopods 2009;MBV;0;3;5;2
Pelagic habitats;Deep Pelagic Cephalopods 2010;MBV;0;3;5;2.3
Pelagic habitats;Deep Pelagic Cephalopods 2011;MBV;0;3;5;2.4
Benthic habitats;Benthic Vegetation (EEI EQR);BITS;0;6;10;6.436363636
Benthic habitats;Benthic Fauna (Multimetric BENTIX);EQR;0;0.6;1;0.569047014
Benthic habitats;Benthic Fauna (Multimetric BENTIX);EQR;0;0.6;1;0.505193987
Benthic habitats;Benthic Fauna (Multimetric BENTIX);EQR;0;0.6;1;0.619022962
Benthic habitats;Benthic Fauna (BENTIX);BITS;0;3.5;6;3.215238095
Benthic habitats;Benthic Fauna (BENTIX);BITS;0;3.5;6;2.834285714
Benthic habitats;Benthic Fauna (BENTIX);BITS;0;3.5;6;3.395263158
Benthic habitats;Benthic Vegetation (EEI EQR);BITS;0;6;10;0.386666667
Benthic habitats;Benthic Fauna (Multimetric BENTIX);EQR;0;0.6;1;0.334216049
Benthic habitats;Benthic Fauna (BENTIX);BITS;0;3.5;6;2.32
Mammals;% Threatened mammals;ratio;0.75;0.35;0;0.667
Fish;% Threatened sharks;ratio;0.75;0.35;0;0.3
Fish;% of stocks that meet GES based on reproductive capacity;ratio;0;0.65;1;0.888889
Fish;% of stocks that meet GES based on reproductive capacity and biomass indices;ratio;0;0.65;1;1
Fish;Log(Number of long lived fish);log(N/h);-8.664192954;-6.919867357;-5.756983626;-6.768493212
Benthic habitats;Species richness;;38.1;42.6;45.6;53.2
Benthic habitats;Species eveness;;0.9245;0.776;0.677;0.674
Benthic habitats;Size spectra slope;;-7.505;-6.38;-5.63;-4.92
Benthic habitats;Size spectra height;log(N);0;0.285;0.505;0.664
Fish;Large Fish Indicator (LFI);log(lfi);-1.163;-0.848;-0.638;-0.441
Benthic habitats;BQI;BQI;6.28;11.932;15.7;11.76
Benthic habitats;DKI;DKI;0.175;0.67;1;0.55
Plants;SAV, total cover, 9.5m, St. Middelgrund, st. 1;%;89.725;94.09;97;95
Plants;SAV, total cover, 12.6m, St. Middelgrund, st. 2;%;86.025;90.21;93;70
Plants;SAV, total cover, 15.1m, St. Middelgrund, st. 3;%;76.125;82.65;87;90
Plants;SAV, total cover, 18.8m, St. Middelgrund, st. 4;%;43.75;59.5;70;10
Plants;SAV, total cover, 20.5m, St. Middelgrund, st. 5;%;28.025;46.61;59;50
Plants;SAV, total cover, 23.3m, St. Middelgrund, st.6;%;7.8;26.52;39;20
Fish;F of Sole in IIIa and the Belts;;0.475;0.418;0.38;0.34
Fish;F of Herring in IIIa and sd 22-24;;0.3125;0.275;0.25;0.3
Birds;Fulmar winter abundance (encounter rate);er;0;0.4;0.8;0.1
Birds;Kittiwake winter abundance (encounter rate);er;0;2.545;5.09;0.03
Birds;Guillemot winter abundance (encounter rate);er;0;2.89;5.78;0.3
Mammals;Harbour porpoise summer abundance (encounter rate;er;0;0.072;0.144;0.0447
Plants;Eelgrass depth limit, western;m;1.96;4.144;5.6;2.6
Plants;Eelgarss depth limit, central;m;1.96;4.144;5.6;1.9
Plants;Eelgrass depth limit, southern;m;1.96;4.144;5.6;3.1
Plants;Eelgrass depth limit, eastern;m;1.96;4.144;5.6;1.8
Plants;SAV, total cover, Mors, NW;%;0;20.16;96;14.7
Plants;SAV, total cover, Mors, W;%;0;36.704;99.2;10.9
Plants;SAV, total cover, Løgstør Bredning;%;0;20.328;96.8;31.6
Plants;SAV, total cover, Nissum Bredning;%;0;43.956;99.9;67.3
Plants;SAV, total cover, Venø Bay;%;0;30.69;99;26.4
Benthic habitats;DKI, central;;-0.25;0.5;1;0.34
Benthic habitats;DKI, southern;;0.375;0.75;1;0.31
Benthic habitats;DKI index;;0.175;0.67;1;0.37
Plants;Eelgrass depth limit;m;2.31;4.884;6.6;1.7
Plants;Macroalgae species richness, inner parts;n;0;7.5;15;3
Plants;Macroalgae species richness, outer parts;n;0;6;12;7
Benthic habitats;Zoobenthos species richness, inner parts;n;0;8;16;24
Benthic habitats;Zoobenthos species richness, outer parts;n;0;47;94;46
Plants;Eelgrass depth limit, Isefjorden;m;1.645;3.478;4.7;4.2
Plants;Eelgrass depth limit, Roskilde Fjord;m;1.575;3.33;4.5;2.9
Benthic habitats;Invertebrate biomass;g/m2;31.5;21;14;489
Plants;SAV, total cover, inner parts of Isefjorden;%;11.0475;63.339;98.2;92.2
Plants;SAV, total cover, outer parts of Isefjorden;%;69.79;87.736;99.7;100
Plants;SAV, total cover, inner parts of Roskilde Fjord;%;0;15.1375;86.5;5.3
Plants;SAV, total cover, outer parts of Roskilde Fjord;%;35.67;73.308;98.4;95.5
Pelagic habitats;Phytoplankton biomass;mgC/l;0.2925;0.195;0.13;0.22
Plants;Eelgrass depth limit;m;2.695;5.698;7.7;6
Pelagic habitats;Zooplankton biomass;mgC/m2;0.0225;0.015;0.01;0.01
Mammals;Tursiops truncatus distributional range;%;0.03;0.612;1;0.9553
Mammals;Tursiops truncatus distributional range;%;0.88;0.952;1;0.9838
Mammals;Tursiops truncatus distributional range;%;0.82;0.928;1;0.987
Mammals;Tursiops truncatus distributional range;%;0.03;0.612;1;0.9042
Mammals;Stenella coeruleoalba distributional range;%;0.11;0.26;0.36;0.1713
Mammals;Stenella coeruleoalba distributional range;%;0.11;0.14;0.16;0.1328
Mammals;Stenella coeruleoalba distributional range;%;0.11;0.146;0.17;0.1509
Mammals;Stenella coeruleoalba distributional range;%;0.11;0.26;0.36;0.2218
Mammals;Grampus griseus distributional range;%;0.17;0.494;0.71;0.2143
Mammals;Grampus griseus distributional range;%;0.17;0.206;0.23;0.1848
Mammals;Grampus griseus distributional range;%;0.17;0.494;0.71;0.2678
Mammals;Ziphius cavirostris distributional range;%;0;0.6;1;0.083
Mammals;Ziphius cavirostris distributional range;%;0.07;0.628;1;0.9759
Mammals;Tursiops truncatus abundance;N specimens/area;3602.15;7328.138;9812.13;5958.8
Mammals;Tursiops truncatus abundance;N specimens/area;819.869;1976.1728;2747.042;1831
Mammals;Tursiops truncatus abundance;N specimens/area;414.075;998.0664;1387.394;925
Mammals;Tursiops truncatus abundance;N specimens/area;339.542;818.4128;1137.66;758
Mammals;Tursiops truncatus abundance;N specimens/area;560.2510149;1539.666406;2192.61;1100.4
Mammals;Tursiops truncatus abundance;N specimens/area;329.9188092;906.6737237;1291.177;648
Mammals;Tursiops truncatus abundance;N specimens/area;230.332;632.9926;901.433;452.4
Mammals;Tursiops truncatus abundance;N specimens/area;357.4120433;982.2298173;1398.775;702
Mammals;Tursiops truncatus abundance;N specimens/area;263.9350474;725.3386189;1032.941;518.4
Mammals;Tursiops truncatus abundance;N specimens/area;93.476;256.8902;365.833;183.6
Mammals;Stenella coeruleoalba abundance;N specimens/area;3382.154;7895.5208;10904.432;6072.8
Mammals;Stenella coeruleoalba abundance;N specimens/area;2497.591;5830.5382;8052.503;4484.5
Mammals;Stenella coeruleoalba abundance;N specimens/area;884.563;2064.982;2851.928;1588.2
Mammals;Grampus griseus abundance;N specimens/area;49.079;515.7332;826.836;201.8
Mammals;Grampus griseus abundance;N specimens/area;36.243;380.8494;610.587;149.06
Mammals;Ziphius cavirostris risk of exposure;%  ;1;0.4;0;0.98
Mammals;Tursiops truncatus by catch;N specimens/year;29;11.6;0;19
Benthic habitats;Virgularia mirabilis;kg/km2;0;23.268;38.78;1.876
Benthic habitats;Abra alba;ind./m2;2;53.6;88;34
Benthic habitats;Corbula gibba;ind./m2;2;312.8;520;97.28571429
Benthic habitats;Dosinia lupinus;ind./m2;2;9.2;14;5.75
Benthic habitats;Hiatella arctica;ind./m2;2;11.6;18;5.25
Benthic habitats;Loripes lucinalis;ind./m2;6;15.6;22;10.8
Benthic habitats;Lucinella divaricata;ind./m2;2;326;542;82.76923077
Benthic habitats;Nucula nitidosa;ind./m2;2;20;32;12.28571429
Benthic habitats;Nuculana pella;ind./m2;2;3.2;4;2.5
Benthic habitats;Parvicardium exiguum;ind./m2;2;42.8;70;36
Benthic habitats;Gari fervensis;ind./m2;2;8;12;4
Benthic habitats;Spisula subtruncata;ind./m2;2;6.8;10;4
Benthic habitats;Thracia phaseolina;ind./m2;2;35.6;58;21.33333333
benthic habitats;Venerupis corrugata;ind./m2;2;5.6;8;5
Benthic habitats;Amphiura chiajei;ind./m2;2;27.2;44;22.4
Benthic habitats;Ophiura grubei;ind./m2;2;6.8;10;4.4
Benthic habitats;Phaxasa adriaticus;ind./m2;2;24.8;40;15.6
Benthic habitats;Tellina distorta;ind./m2;2;17.6;28;12.8
Benthic habitats;Tellina donacina;ind./m2;2;26;42;16.57142857
Benthic habitats;Tellina albicans;ind./m2;2;5.6;8;4
Benthic habitats;Calyptraea chinensis;ind./m2;2;3.2;4;2.5
Benthic habitats;Cylichna cylindracea;ind./m2;2;14;22;7.166666667
Benthic habitats;Retusa umbilicata;ind./m2;2;5.6;8;3.714285714
Benthic habitats;Nassarius mutabilis;ind./m2;0;1.2;2;2
Benthic habitats;Kurtiella bidentata;ind./m2;2;106.4;176;34.2
Benthic habitats;Pitar rudis;ind./m2;2;9.2;14;3.777777778
Benthic habitats;Tellina pulchella;ind./m2;4;5.2;6;5
Benthic habitats;Eulima glabra;ind./m2;2;8;12;5.75
Benthic habitats;Hyala vitrea;ind./m2;2;35.6;58;14
Benthic habitats;Antalis inaequicostata;ind./m2;2;22.4;36;16.8
Benthic habitats;Amphiura filiformis;ind./m2;2;36.8;60;18
Benthic habitats;Anomia ephippium;ind./m2;0;1.2;2;2
Benthic habitats;Gastrochaena dubia;ind./m2;2;6.8;10;7.333333333
Benthic habitats;Tellina serrata;ind./m2;0;1.2;2;2
Benthic habitats;Timoclea ovata;ind./m2;2;6.8;10;6
Benthic habitats;Mangelia coarctata;ind./m2;2;10.4;16;6
Benthic habitats;Nassarius pygmaeus;ind./m2;2;3.2;4;2.666666667
Benthic habitats;Amphipholis squamata;ind./m2;2;18.8;30;7
Benthic habitats;Euspira nitida;ind./m2;2;5.6;8;4
Benthic habitats;Ophiura carnea;ind./m2;0;2.4;4;4
Benthic habitats;Phaxas adriaticus;ind./m2;2;24.8;40;15.6
Benthic habitats;Ova canaliferus;ind./m2;0;1.2;2;2
Benthic habitats;Trachythyone elongata;ind./m2;2;3.2;4;2.5
Benthic habitats;Papillicardium papillosum;ind./m2;2;4.4;6;4
Benthic habitats;Bela brachystoma;ind./m2;0;1.2;2;2
Benthic habitats;Acanthochitona fascicularis;ind./m2;2;10.4;16;6.666666667
Benthic habitats;Diplodonta rotundata;ind./m2;4;5.2;6;5
Benthic habitats;Myrtea spinifera;ind./m2;4;43.6;70;20
Benthic habitats;Saccella illirica;ind./m2;0;1.2;2;2
Benthic habitats;Saccella commutata;ind./m2;0;2.4;4;4
Benthic habitats;Thyasira flexuosa;ind./m2;8;27.2;40;26
Benthic habitats;Trophonopsis muricata;ind./m2;2;3.2;4;2.4
Benthic habitats;Ophiura albida;ind./m2;2;4.4;6;4
Benthic habitats;Abra nitida;ind./m2;2;23.6;38;20
Benthic habitats;Aporrhais pespelecani;ind./m2;2;3.2;4;2.666666667
Benthic habitats;Kellia suborbicularis;ind./m2;2;3.2;4;3
Benthic habitats;Monia patelliformis;ind./m2;2;3.2;4;3
Benthic habitats;Megastomia conoidea;ind./m2;2;5.6;8;3.6
Benthic habitats;Turbonilla rufa;ind./m2;2;6.8;10;6
Benthic habitats;Laevicardium crassum;ind./m2;0;1.2;2;2
Benthic habitats;Neolepton obliquatum;ind./m2;2;9.2;14;5.5
Benthic habitats;Parvicardium minimum;ind./m2;6;80.4;130;40
Benthic habitats;Pharus legumen;ind./m2;2;6.8;10;6
Benthic habitats;Turritella communis;ind./m2;2;3.2;4;2.666666667
Benthic habitats;Mangelia attenuata;ind./m2;2;3.2;4;3
Benthic habitats;Virgularia mirabilis;kg/km2;0;0.384;0.64;0.091428571
Benthic habitats;Corbula gibba;ind./m2;54;96.6;125;89.5
Benthic habitats;Myrtea spinifera;ind./m2;2.5;3.4;4;3.25
Benthic habitats;Nucula nitidosa;ind./m2;5;5.6;6;5.5
Benthic habitats;Pitar rudis;ind./m2;7.5;10.2;12;9.75
Benthic habitats;Hyala vitrea;ind./m2;2;45.8;75;38.5
Benthic habitats;Megastomia conoidea;ind./m2;2;2.3;2.5;2.25
Benthic habitats;Antalis inaequicostata;ind./m2;2.5;3.4;4;3.25
Benthic habitats;Nematoda;ind/10 cm2;56.84;3715.766;6155.05;1427.653111
Pelagic habitats;Copepoda;ind/10 cm2;0.33;76.77;127.73;29.89544444
Benthic habitats;Nauplii;ind/10 cm2;0;124.656;207.76;22.54
Benthic habitats;Polychaeta;ind/10 cm2;0;22.344;37.24;8.422555556
Benthic habitats;Bivalvia;ind/10 cm2;0;40.572;67.62;10.72555556
Pelagic habitats;Ostracoda;ind/10 cm2;0;83.886;139.81;11.56944444
Benthic habitats;Kinorhyncha;ind/10 cm2;0;6.858;11.43;1.372
Benthic habitats;Oligochaeta;ind/10 cm2;0;5.682;9.47;1.431888889
Benthic habitats;Cumacea;ind/10 cm2;0;1.374;2.29;0.337555556
benthic habitats;Anfipoda;ind/10 cm2;0;1.566;2.61;0.615222222
Benthic habitats;Isopoda;ind/10 cm2;0;0.39;0.65;0.032666667
Benthic habitats;Acarina;ind/10 cm2;0;0.198;0.33;0.021777778
Benthic habitats;Priapulida larvae;ind/10 cm2;0;0.198;0.33;0.021777778
Benthic habitats;Holothuroidea;ind/10 cm2;0;0.198;0.33;0.021777778
Benthic habitats;Gnathostomulida;ind/10 cm2;0;0.588;0.98;0.032666667
Benthic habitats;Ophiuroidea juveniles;ind/10 cm2;0;0.39;0.65;0.032666667
Benthic habitats;Hydroid juveniles;ind/10 cm2;0;0.294;0.49;0.016333333
Benthic habitats;Funiculina quadrangularis;kg/km2;0;7.56;12.6;0.41483871
Benthic habitats;Pennatula rubra;kg/km2;0;0.66;1.1;0.076451613
Benthic habitats;Ptereoides spinosum;kg/km2;0;1.65;2.75;0.133225806
Benthic habitats;Virgularia mirabilis;kg/km2;0;0.156;0.26;0.012903226
Benthic habitats;Pennatula rubra;kg/km2;4.59;29.286;45.75;19.02333333
Benthic habitats;Pennatula rubra;kg/km2;0;27.45;45.75;6.062727273
Benthic habitats;Ptereoides spinosum;kg/km2;0;3.54;5.9;1.485454545
Benthic habitats;Virgularia mirabilis;kg/km2;0;0.9;1.5;0.174545455
Benthic habitats;Pennatula rubra;kg/km2;0;1.482;2.47;0.224545455
Benthic habitats;Virgularia mirabilis;kg/km2;0;0.552;0.92;0.183636364
